MFCC,DTW,Duration,DurationDiff,Min-DTW,Max-DTW,Min-Dur,Max-Dur,Min-Dur-d,Max-Dur-d,Level
-130663.24153326236,236.94219213715073,3.759886621315193,1.0844217687074833,217.26863419377247,269.67494901217697,3.165903250188965,4.435491307634164,0.4904383975812552,1.760026455026455,Level-0
-158021.6456097601,276.28930802390727,4.947853363567649,2.2723885109599395,269.67494901217697,282.19158786697255,4.435491307634164,5.3363265306122445,1.760026455026455,2.660861678004535,Level-1
-210026.71974526127,289.5180260473678,5.972577475434618,3.2971126228269085,282.19158786697255,295.00091284848327,5.3363265306122445,5.849512471655331,2.660861678004535,3.1740476190476197,Level-2
-238531.97981226756,304.1709024081583,7.2450793650793655,4.569614512471656,295.00091284848327,313.3408919678334,5.849512471655331,8.6406462585034,3.1740476190476197,5.965181405895692,Level-3
-349626.5201961575,322.5108815275085,10.036213151927436,7.360748299319728,313.3408919678334,339.62461940558006,8.6406462585034,12.036213151927436,5.965181405895692,9.360748299319727,Level-4
